--------------------------------------------------------
-- Archivo creado  - miércoles-marzo-21-2018   
--------------------------------------------------------
--------------------------------------------------------
--  DDL for Table APARTAMENTO
--------------------------------------------------------

  CREATE TABLE "ISIS2304A741810"."APARTAMENTO" 
   (	"ID" NUMBER, 
	"HABITACIONES" NUMBER, 
	"COSTO" NUMBER
   ) SEGMENT CREATION IMMEDIATE 
  PCTFREE 10 PCTUSED 40 INITRANS 1 MAXTRANS 255 
 NOCOMPRESS NOLOGGING
  STORAGE(INITIAL 65536 NEXT 1048576 MINEXTENTS 1 MAXEXTENTS 2147483645
  PCTINCREASE 0 FREELISTS 1 FREELIST GROUPS 1
  BUFFER_POOL DEFAULT FLASH_CACHE DEFAULT CELL_FLASH_CACHE DEFAULT)
  TABLESPACE "TBSPROD" ;
--------------------------------------------------------
--  DDL for Table APARTAMENTOSEGURO
--------------------------------------------------------

  CREATE TABLE "ISIS2304A741810"."APARTAMENTOSEGURO" 
   (	"ID_APARTAMENTO" NUMBER, 
	"ID_SEGURO" NUMBER
   ) SEGMENT CREATION IMMEDIATE 
  PCTFREE 10 PCTUSED 40 INITRANS 1 MAXTRANS 255 
 NOCOMPRESS NOLOGGING
  STORAGE(INITIAL 65536 NEXT 1048576 MINEXTENTS 1 MAXEXTENTS 2147483645
  PCTINCREASE 0 FREELISTS 1 FREELIST GROUPS 1
  BUFFER_POOL DEFAULT FLASH_CACHE DEFAULT CELL_FLASH_CACHE DEFAULT)
  TABLESPACE "TBSPROD" ;
--------------------------------------------------------
--  DDL for Table CLIENTE
--------------------------------------------------------

  CREATE TABLE "ISIS2304A741810"."CLIENTE" 
   (	"ID" NUMBER, 
	"NOMBRE" VARCHAR2(200 BYTE), 
	"VINCULO" VARCHAR2(200 BYTE)
   ) SEGMENT CREATION IMMEDIATE 
  PCTFREE 10 PCTUSED 40 INITRANS 1 MAXTRANS 255 
 NOCOMPRESS NOLOGGING
  STORAGE(INITIAL 65536 NEXT 1048576 MINEXTENTS 1 MAXEXTENTS 2147483645
  PCTINCREASE 0 FREELISTS 1 FREELIST GROUPS 1
  BUFFER_POOL DEFAULT FLASH_CACHE DEFAULT CELL_FLASH_CACHE DEFAULT)
  TABLESPACE "TBSPROD" ;
--------------------------------------------------------
--  DDL for Table CONTRATO
--------------------------------------------------------

  CREATE TABLE "ISIS2304A741810"."CONTRATO" 
   (	"ID" NUMBER, 
	"FECHA_INICIO" TIMESTAMP (6), 
	"FECHA_FINAL" TIMESTAMP (6), 
	"COSTO_TOTAL" NUMBER, 
	"ESTADO" VARCHAR2(200 BYTE)
   ) SEGMENT CREATION IMMEDIATE 
  PCTFREE 10 PCTUSED 40 INITRANS 1 MAXTRANS 255 
 NOCOMPRESS NOLOGGING
  STORAGE(INITIAL 65536 NEXT 1048576 MINEXTENTS 1 MAXEXTENTS 2147483645
  PCTINCREASE 0 FREELISTS 1 FREELIST GROUPS 1
  BUFFER_POOL DEFAULT FLASH_CACHE DEFAULT CELL_FLASH_CACHE DEFAULT)
  TABLESPACE "TBSPROD" ;
--------------------------------------------------------
--  DDL for Table CONTRATOCLIENTE
--------------------------------------------------------

  CREATE TABLE "ISIS2304A741810"."CONTRATOCLIENTE" 
   (	"ID_CLIENTE" NUMBER, 
	"ID_CONTRATO" NUMBER
   ) SEGMENT CREATION IMMEDIATE 
  PCTFREE 10 PCTUSED 40 INITRANS 1 MAXTRANS 255 
 NOCOMPRESS NOLOGGING
  STORAGE(INITIAL 65536 NEXT 1048576 MINEXTENTS 1 MAXEXTENTS 2147483645
  PCTINCREASE 0 FREELISTS 1 FREELIST GROUPS 1
  BUFFER_POOL DEFAULT FLASH_CACHE DEFAULT CELL_FLASH_CACHE DEFAULT)
  TABLESPACE "TBSPROD" ;
--------------------------------------------------------
--  DDL for Table CONTRATOESPACIO
--------------------------------------------------------

  CREATE TABLE "ISIS2304A741810"."CONTRATOESPACIO" 
   (	"ID_CONTRATO" NUMBER, 
	"ID_ESPACIO" NUMBER
   ) SEGMENT CREATION IMMEDIATE 
  PCTFREE 10 PCTUSED 40 INITRANS 1 MAXTRANS 255 
 NOCOMPRESS NOLOGGING
  STORAGE(INITIAL 65536 NEXT 1048576 MINEXTENTS 1 MAXEXTENTS 2147483645
  PCTINCREASE 0 FREELISTS 1 FREELIST GROUPS 1
  BUFFER_POOL DEFAULT FLASH_CACHE DEFAULT CELL_FLASH_CACHE DEFAULT)
  TABLESPACE "TBSPROD" ;
--------------------------------------------------------
--  DDL for Table CONTRATOSERVICIO
--------------------------------------------------------

  CREATE TABLE "ISIS2304A741810"."CONTRATOSERVICIO" 
   (	"ID_CONTRATO" NUMBER, 
	"ID_SERVICIO" NUMBER
   ) SEGMENT CREATION IMMEDIATE 
  PCTFREE 10 PCTUSED 40 INITRANS 1 MAXTRANS 255 
 NOCOMPRESS NOLOGGING
  STORAGE(INITIAL 65536 NEXT 1048576 MINEXTENTS 1 MAXEXTENTS 2147483645
  PCTINCREASE 0 FREELISTS 1 FREELIST GROUPS 1
  BUFFER_POOL DEFAULT FLASH_CACHE DEFAULT CELL_FLASH_CACHE DEFAULT)
  TABLESPACE "TBSPROD" ;
--------------------------------------------------------
--  DDL for Table ESPACIOAPARTAMENTO
--------------------------------------------------------

  CREATE TABLE "ISIS2304A741810"."ESPACIOAPARTAMENTO" 
   (	"ID" NUMBER, 
	"ID_APARTAMENTO" NUMBER
   ) SEGMENT CREATION IMMEDIATE 
  PCTFREE 10 PCTUSED 40 INITRANS 1 MAXTRANS 255 
 NOCOMPRESS NOLOGGING
  STORAGE(INITIAL 65536 NEXT 1048576 MINEXTENTS 1 MAXEXTENTS 2147483645
  PCTINCREASE 0 FREELISTS 1 FREELIST GROUPS 1
  BUFFER_POOL DEFAULT FLASH_CACHE DEFAULT CELL_FLASH_CACHE DEFAULT)
  TABLESPACE "TBSPROD" ;
--------------------------------------------------------
--  DDL for Table ESPACIOHABITACION
--------------------------------------------------------

  CREATE TABLE "ISIS2304A741810"."ESPACIOHABITACION" 
   (	"ID" NUMBER, 
	"ID_HABITACION" NUMBER
   ) SEGMENT CREATION IMMEDIATE 
  PCTFREE 10 PCTUSED 40 INITRANS 1 MAXTRANS 255 
 NOCOMPRESS NOLOGGING
  STORAGE(INITIAL 65536 NEXT 1048576 MINEXTENTS 1 MAXEXTENTS 2147483645
  PCTINCREASE 0 FREELISTS 1 FREELIST GROUPS 1
  BUFFER_POOL DEFAULT FLASH_CACHE DEFAULT CELL_FLASH_CACHE DEFAULT)
  TABLESPACE "TBSPROD" ;
--------------------------------------------------------
--  DDL for Table ESTADOCONTRATO
--------------------------------------------------------

  CREATE TABLE "ISIS2304A741810"."ESTADOCONTRATO" 
   (	"ESTADO" VARCHAR2(200 BYTE)
   ) SEGMENT CREATION IMMEDIATE 
  PCTFREE 10 PCTUSED 40 INITRANS 1 MAXTRANS 255 
 NOCOMPRESS NOLOGGING
  STORAGE(INITIAL 65536 NEXT 1048576 MINEXTENTS 1 MAXEXTENTS 2147483645
  PCTINCREASE 0 FREELISTS 1 FREELIST GROUPS 1
  BUFFER_POOL DEFAULT FLASH_CACHE DEFAULT CELL_FLASH_CACHE DEFAULT)
  TABLESPACE "TBSPROD" ;
--------------------------------------------------------
--  DDL for Table HABITACION
--------------------------------------------------------

  CREATE TABLE "ISIS2304A741810"."HABITACION" 
   (	"ID" NUMBER, 
	"CAPACIDAD" NUMBER, 
	"COMPARTIDA" NUMBER, 
	"TIPO" VARCHAR2(200 BYTE)
   ) SEGMENT CREATION IMMEDIATE 
  PCTFREE 10 PCTUSED 40 INITRANS 1 MAXTRANS 255 
 NOCOMPRESS NOLOGGING
  STORAGE(INITIAL 65536 NEXT 1048576 MINEXTENTS 1 MAXEXTENTS 2147483645
  PCTINCREASE 0 FREELISTS 1 FREELIST GROUPS 1
  BUFFER_POOL DEFAULT FLASH_CACHE DEFAULT CELL_FLASH_CACHE DEFAULT)
  TABLESPACE "TBSPROD" ;
--------------------------------------------------------
--  DDL for Table OFERTA
--------------------------------------------------------

  CREATE TABLE "ISIS2304A741810"."OFERTA" 
   (	"ID" NUMBER, 
	"COSTO" NUMBER, 
	"VECES" NUMBER DEFAULT 0
   ) SEGMENT CREATION IMMEDIATE 
  PCTFREE 10 PCTUSED 40 INITRANS 1 MAXTRANS 255 
 NOCOMPRESS NOLOGGING
  STORAGE(INITIAL 65536 NEXT 1048576 MINEXTENTS 1 MAXEXTENTS 2147483645
  PCTINCREASE 0 FREELISTS 1 FREELIST GROUPS 1
  BUFFER_POOL DEFAULT FLASH_CACHE DEFAULT CELL_FLASH_CACHE DEFAULT)
  TABLESPACE "TBSPROD" ;
--------------------------------------------------------
--  DDL for Table OFERTAESPACIO
--------------------------------------------------------

  CREATE TABLE "ISIS2304A741810"."OFERTAESPACIO" 
   (	"ID_OFERTA" NUMBER, 
	"ID_ESPACIO" NUMBER
   ) SEGMENT CREATION IMMEDIATE 
  PCTFREE 10 PCTUSED 40 INITRANS 1 MAXTRANS 255 
 NOCOMPRESS NOLOGGING
  STORAGE(INITIAL 65536 NEXT 1048576 MINEXTENTS 1 MAXEXTENTS 2147483645
  PCTINCREASE 0 FREELISTS 1 FREELIST GROUPS 1
  BUFFER_POOL DEFAULT FLASH_CACHE DEFAULT CELL_FLASH_CACHE DEFAULT)
  TABLESPACE "TBSPROD" ;
--------------------------------------------------------
--  DDL for Table OPERADOR
--------------------------------------------------------

  CREATE TABLE "ISIS2304A741810"."OPERADOR" 
   (	"ID" NUMBER, 
	"NOMBRE" VARCHAR2(200 BYTE), 
	"TIPO" VARCHAR2(200 BYTE)
   ) SEGMENT CREATION IMMEDIATE 
  PCTFREE 10 PCTUSED 40 INITRANS 1 MAXTRANS 255 
 NOCOMPRESS NOLOGGING
  STORAGE(INITIAL 65536 NEXT 1048576 MINEXTENTS 1 MAXEXTENTS 2147483645
  PCTINCREASE 0 FREELISTS 1 FREELIST GROUPS 1
  BUFFER_POOL DEFAULT FLASH_CACHE DEFAULT CELL_FLASH_CACHE DEFAULT)
  TABLESPACE "TBSPROD" ;
--------------------------------------------------------
--  DDL for Table OPERADORCONTRATO
--------------------------------------------------------

  CREATE TABLE "ISIS2304A741810"."OPERADORCONTRATO" 
   (	"ID_OPERADOR" NUMBER, 
	"ID_CONTRATO" NUMBER
   ) SEGMENT CREATION IMMEDIATE 
  PCTFREE 10 PCTUSED 40 INITRANS 1 MAXTRANS 255 
 NOCOMPRESS NOLOGGING
  STORAGE(INITIAL 65536 NEXT 1048576 MINEXTENTS 1 MAXEXTENTS 2147483645
  PCTINCREASE 0 FREELISTS 1 FREELIST GROUPS 1
  BUFFER_POOL DEFAULT FLASH_CACHE DEFAULT CELL_FLASH_CACHE DEFAULT)
  TABLESPACE "TBSPROD" ;
--------------------------------------------------------
--  DDL for Table OPERADORESPACIO
--------------------------------------------------------

  CREATE TABLE "ISIS2304A741810"."OPERADORESPACIO" 
   (	"ID_ESPACIO" NUMBER, 
	"ID_OPERADOR" NUMBER
   ) SEGMENT CREATION IMMEDIATE 
  PCTFREE 10 PCTUSED 40 INITRANS 1 MAXTRANS 255 
 NOCOMPRESS NOLOGGING
  STORAGE(INITIAL 65536 NEXT 1048576 MINEXTENTS 1 MAXEXTENTS 2147483645
  PCTINCREASE 0 FREELISTS 1 FREELIST GROUPS 1
  BUFFER_POOL DEFAULT FLASH_CACHE DEFAULT CELL_FLASH_CACHE DEFAULT)
  TABLESPACE "TBSPROD" ;
--------------------------------------------------------
--  DDL for Table OPERADOROFERTA
--------------------------------------------------------

  CREATE TABLE "ISIS2304A741810"."OPERADOROFERTA" 
   (	"ID_OPERADOR" NUMBER, 
	"ID_OFERTA" NUMBER
   ) SEGMENT CREATION IMMEDIATE 
  PCTFREE 10 PCTUSED 40 INITRANS 1 MAXTRANS 255 
 NOCOMPRESS NOLOGGING
  STORAGE(INITIAL 65536 NEXT 1048576 MINEXTENTS 1 MAXEXTENTS 2147483645
  PCTINCREASE 0 FREELISTS 1 FREELIST GROUPS 1
  BUFFER_POOL DEFAULT FLASH_CACHE DEFAULT CELL_FLASH_CACHE DEFAULT)
  TABLESPACE "TBSPROD" ;
--------------------------------------------------------
--  DDL for Table SEGURO
--------------------------------------------------------

  CREATE TABLE "ISIS2304A741810"."SEGURO" 
   (	"ID" NUMBER, 
	"NOMBRE" VARCHAR2(200 BYTE), 
	"COSTO" NUMBER
   ) SEGMENT CREATION IMMEDIATE 
  PCTFREE 10 PCTUSED 40 INITRANS 1 MAXTRANS 255 
 NOCOMPRESS NOLOGGING
  STORAGE(INITIAL 65536 NEXT 1048576 MINEXTENTS 1 MAXEXTENTS 2147483645
  PCTINCREASE 0 FREELISTS 1 FREELIST GROUPS 1
  BUFFER_POOL DEFAULT FLASH_CACHE DEFAULT CELL_FLASH_CACHE DEFAULT)
  TABLESPACE "TBSPROD" ;
--------------------------------------------------------
--  DDL for Table SERVICIO
--------------------------------------------------------

  CREATE TABLE "ISIS2304A741810"."SERVICIO" 
   (	"ID" NUMBER, 
	"TIPO" VARCHAR2(200 BYTE), 
	"DESCRIPCION" VARCHAR2(200 BYTE), 
	"COSTO" NUMBER
   ) SEGMENT CREATION IMMEDIATE 
  PCTFREE 10 PCTUSED 40 INITRANS 1 MAXTRANS 255 
 NOCOMPRESS NOLOGGING
  STORAGE(INITIAL 65536 NEXT 1048576 MINEXTENTS 1 MAXEXTENTS 2147483645
  PCTINCREASE 0 FREELISTS 1 FREELIST GROUPS 1
  BUFFER_POOL DEFAULT FLASH_CACHE DEFAULT CELL_FLASH_CACHE DEFAULT)
  TABLESPACE "TBSPROD" ;
--------------------------------------------------------
--  DDL for Table SERVICIOESPACIO
--------------------------------------------------------

  CREATE TABLE "ISIS2304A741810"."SERVICIOESPACIO" 
   (	"ID_SERVICIO" NUMBER, 
	"ID_ESPACIO" NUMBER
   ) SEGMENT CREATION IMMEDIATE 
  PCTFREE 10 PCTUSED 40 INITRANS 1 MAXTRANS 255 
 NOCOMPRESS NOLOGGING
  STORAGE(INITIAL 65536 NEXT 1048576 MINEXTENTS 1 MAXEXTENTS 2147483645
  PCTINCREASE 0 FREELISTS 1 FREELIST GROUPS 1
  BUFFER_POOL DEFAULT FLASH_CACHE DEFAULT CELL_FLASH_CACHE DEFAULT)
  TABLESPACE "TBSPROD" ;
--------------------------------------------------------
--  DDL for Table TIPOHABITACION
--------------------------------------------------------

  CREATE TABLE "ISIS2304A741810"."TIPOHABITACION" 
   (	"TIPO" VARCHAR2(200 BYTE)
   ) SEGMENT CREATION IMMEDIATE 
  PCTFREE 10 PCTUSED 40 INITRANS 1 MAXTRANS 255 
 NOCOMPRESS NOLOGGING
  STORAGE(INITIAL 65536 NEXT 1048576 MINEXTENTS 1 MAXEXTENTS 2147483645
  PCTINCREASE 0 FREELISTS 1 FREELIST GROUPS 1
  BUFFER_POOL DEFAULT FLASH_CACHE DEFAULT CELL_FLASH_CACHE DEFAULT)
  TABLESPACE "TBSPROD" ;
--------------------------------------------------------
--  DDL for Table TIPOOPERADOR
--------------------------------------------------------

  CREATE TABLE "ISIS2304A741810"."TIPOOPERADOR" 
   (	"TIPO" VARCHAR2(200 BYTE)
   ) SEGMENT CREATION IMMEDIATE 
  PCTFREE 10 PCTUSED 40 INITRANS 1 MAXTRANS 255 
 NOCOMPRESS NOLOGGING
  STORAGE(INITIAL 65536 NEXT 1048576 MINEXTENTS 1 MAXEXTENTS 2147483645
  PCTINCREASE 0 FREELISTS 1 FREELIST GROUPS 1
  BUFFER_POOL DEFAULT FLASH_CACHE DEFAULT CELL_FLASH_CACHE DEFAULT)
  TABLESPACE "TBSPROD" ;
--------------------------------------------------------
--  DDL for Table TIPOSERVICIO
--------------------------------------------------------

  CREATE TABLE "ISIS2304A741810"."TIPOSERVICIO" 
   (	"SERVICIO" VARCHAR2(200 BYTE)
   ) SEGMENT CREATION IMMEDIATE 
  PCTFREE 10 PCTUSED 40 INITRANS 1 MAXTRANS 255 
 NOCOMPRESS NOLOGGING
  STORAGE(INITIAL 65536 NEXT 1048576 MINEXTENTS 1 MAXEXTENTS 2147483645
  PCTINCREASE 0 FREELISTS 1 FREELIST GROUPS 1
  BUFFER_POOL DEFAULT FLASH_CACHE DEFAULT CELL_FLASH_CACHE DEFAULT)
  TABLESPACE "TBSPROD" ;
--------------------------------------------------------
--  DDL for Table VINCULOCLIENTE
--------------------------------------------------------

  CREATE TABLE "ISIS2304A741810"."VINCULOCLIENTE" 
   (	"VINCULO" VARCHAR2(200 BYTE)
   ) SEGMENT CREATION IMMEDIATE 
  PCTFREE 10 PCTUSED 40 INITRANS 1 MAXTRANS 255 
 NOCOMPRESS NOLOGGING
  STORAGE(INITIAL 65536 NEXT 1048576 MINEXTENTS 1 MAXEXTENTS 2147483645
  PCTINCREASE 0 FREELISTS 1 FREELIST GROUPS 1
  BUFFER_POOL DEFAULT FLASH_CACHE DEFAULT CELL_FLASH_CACHE DEFAULT)
  TABLESPACE "TBSPROD" ;
REM INSERTING into ISIS2304A741810.APARTAMENTO
SET DEFINE OFF;
Insert into ISIS2304A741810.APARTAMENTO (ID,HABITACIONES,COSTO) values ('1','4','350000');
Insert into ISIS2304A741810.APARTAMENTO (ID,HABITACIONES,COSTO) values ('2','3','300000');
Insert into ISIS2304A741810.APARTAMENTO (ID,HABITACIONES,COSTO) values ('3','3','330000');
Insert into ISIS2304A741810.APARTAMENTO (ID,HABITACIONES,COSTO) values ('4','2','280000');
Insert into ISIS2304A741810.APARTAMENTO (ID,HABITACIONES,COSTO) values ('5','2','230000');
Insert into ISIS2304A741810.APARTAMENTO (ID,HABITACIONES,COSTO) values ('6','3','375000');
Insert into ISIS2304A741810.APARTAMENTO (ID,HABITACIONES,COSTO) values ('7','4','850000');
Insert into ISIS2304A741810.APARTAMENTO (ID,HABITACIONES,COSTO) values ('8','3','500000');
Insert into ISIS2304A741810.APARTAMENTO (ID,HABITACIONES,COSTO) values ('9','2','480000');
Insert into ISIS2304A741810.APARTAMENTO (ID,HABITACIONES,COSTO) values ('10','4','900000');
Insert into ISIS2304A741810.APARTAMENTO (ID,HABITACIONES,COSTO) values ('89','4','970000');
REM INSERTING into ISIS2304A741810.APARTAMENTOSEGURO
SET DEFINE OFF;
Insert into ISIS2304A741810.APARTAMENTOSEGURO (ID_APARTAMENTO,ID_SEGURO) values ('1','1');
Insert into ISIS2304A741810.APARTAMENTOSEGURO (ID_APARTAMENTO,ID_SEGURO) values ('2','2');
Insert into ISIS2304A741810.APARTAMENTOSEGURO (ID_APARTAMENTO,ID_SEGURO) values ('3','3');
Insert into ISIS2304A741810.APARTAMENTOSEGURO (ID_APARTAMENTO,ID_SEGURO) values ('4','4');
Insert into ISIS2304A741810.APARTAMENTOSEGURO (ID_APARTAMENTO,ID_SEGURO) values ('5','5');
Insert into ISIS2304A741810.APARTAMENTOSEGURO (ID_APARTAMENTO,ID_SEGURO) values ('6','6');
Insert into ISIS2304A741810.APARTAMENTOSEGURO (ID_APARTAMENTO,ID_SEGURO) values ('7','7');
Insert into ISIS2304A741810.APARTAMENTOSEGURO (ID_APARTAMENTO,ID_SEGURO) values ('8','8');
Insert into ISIS2304A741810.APARTAMENTOSEGURO (ID_APARTAMENTO,ID_SEGURO) values ('9','9');
Insert into ISIS2304A741810.APARTAMENTOSEGURO (ID_APARTAMENTO,ID_SEGURO) values ('10','10');
REM INSERTING into ISIS2304A741810.CLIENTE
SET DEFINE OFF;
Insert into ISIS2304A741810.CLIENTE (ID,NOMBRE,VINCULO) values ('1','Carlos Casas','PADRE');
Insert into ISIS2304A741810.CLIENTE (ID,NOMBRE,VINCULO) values ('2','Jimena Diaz','EGRESADO');
Insert into ISIS2304A741810.CLIENTE (ID,NOMBRE,VINCULO) values ('3','Bruno Diaz','ESTUDIANTE');
Insert into ISIS2304A741810.CLIENTE (ID,NOMBRE,VINCULO) values ('4','Bruce Wayne','PROFESOR');
Insert into ISIS2304A741810.CLIENTE (ID,NOMBRE,VINCULO) values ('5','Hal Jordan','PROFESOR');
Insert into ISIS2304A741810.CLIENTE (ID,NOMBRE,VINCULO) values ('6','Clark Kent','ESTUDIANTE');
Insert into ISIS2304A741810.CLIENTE (ID,NOMBRE,VINCULO) values ('7','Luisa Casas','PADRE');
Insert into ISIS2304A741810.CLIENTE (ID,NOMBRE,VINCULO) values ('8','Julieta Martinez','PADRE');
Insert into ISIS2304A741810.CLIENTE (ID,NOMBRE,VINCULO) values ('9','Martina Martinez','EMPLEADO');
Insert into ISIS2304A741810.CLIENTE (ID,NOMBRE,VINCULO) values ('10','Fernando Fernandez','EMPLEADO');
Insert into ISIS2304A741810.CLIENTE (ID,NOMBRE,VINCULO) values ('25','Andres','PROFESOR');
REM INSERTING into ISIS2304A741810.CONTRATO
SET DEFINE OFF;
Insert into ISIS2304A741810.CONTRATO (ID,FECHA_INICIO,FECHA_FINAL,COSTO_TOTAL,ESTADO) values ('1',to_timestamp('15/11/16 07:00:00,000000000 PM','DD/MM/RR HH12:MI:SSXFF AM'),to_timestamp('15/11/17 07:00:00,000000000 PM','DD/MM/RR HH12:MI:SSXFF AM'),'700000','VIGENTE');
Insert into ISIS2304A741810.CONTRATO (ID,FECHA_INICIO,FECHA_FINAL,COSTO_TOTAL,ESTADO) values ('15',to_timestamp('15/11/16 07:00:00,000000000 PM','DD/MM/RR HH12:MI:SSXFF AM'),to_timestamp('15/11/17 07:00:00,000000000 PM','DD/MM/RR HH12:MI:SSXFF AM'),'700000','VIGENTE');
Insert into ISIS2304A741810.CONTRATO (ID,FECHA_INICIO,FECHA_FINAL,COSTO_TOTAL,ESTADO) values ('1652',to_timestamp('21/03/14 01:47:05,000000000 PM','DD/MM/RR HH12:MI:SSXFF AM'),to_timestamp('19/09/14 01:47:11,000000000 PM','DD/MM/RR HH12:MI:SSXFF AM'),'700000','FINALIZADO');
Insert into ISIS2304A741810.CONTRATO (ID,FECHA_INICIO,FECHA_FINAL,COSTO_TOTAL,ESTADO) values ('6512',to_timestamp('15/10/15 01:47:50,000000000 PM','DD/MM/RR HH12:MI:SSXFF AM'),to_timestamp('13/12/18 01:48:02,000000000 PM','DD/MM/RR HH12:MI:SSXFF AM'),'800000','RESERVADO');
Insert into ISIS2304A741810.CONTRATO (ID,FECHA_INICIO,FECHA_FINAL,COSTO_TOTAL,ESTADO) values ('6845',to_timestamp('12/11/13 12:00:00,000000000 AM','DD/MM/RR HH12:MI:SSXFF AM'),to_timestamp('16/12/13 12:00:00,000000000 AM','DD/MM/RR HH12:MI:SSXFF AM'),'550000','RESERVADO');
Insert into ISIS2304A741810.CONTRATO (ID,FECHA_INICIO,FECHA_FINAL,COSTO_TOTAL,ESTADO) values ('9564',to_timestamp('10/01/15 12:00:00,000000000 AM','DD/MM/RR HH12:MI:SSXFF AM'),to_timestamp('22/02/15 12:00:00,000000000 AM','DD/MM/RR HH12:MI:SSXFF AM'),'650000','CANCELADO');
Insert into ISIS2304A741810.CONTRATO (ID,FECHA_INICIO,FECHA_FINAL,COSTO_TOTAL,ESTADO) values ('6519',to_timestamp('12/04/16 12:00:00,000000000 AM','DD/MM/RR HH12:MI:SSXFF AM'),to_timestamp('31/05/16 12:00:00,000000000 AM','DD/MM/RR HH12:MI:SSXFF AM'),'800000','CANCELADO');
Insert into ISIS2304A741810.CONTRATO (ID,FECHA_INICIO,FECHA_FINAL,COSTO_TOTAL,ESTADO) values ('69745',to_timestamp('12/09/15 12:00:00,000000000 AM','DD/MM/RR HH12:MI:SSXFF AM'),to_timestamp('15/10/15 12:00:00,000000000 AM','DD/MM/RR HH12:MI:SSXFF AM'),'900000','VIGENTE');
Insert into ISIS2304A741810.CONTRATO (ID,FECHA_INICIO,FECHA_FINAL,COSTO_TOTAL,ESTADO) values ('6545',to_timestamp('09/12/14 12:00:00,000000000 AM','DD/MM/RR HH12:MI:SSXFF AM'),to_timestamp('10/01/15 12:00:00,000000000 AM','DD/MM/RR HH12:MI:SSXFF AM'),'750000','RESERVADO');
Insert into ISIS2304A741810.CONTRATO (ID,FECHA_INICIO,FECHA_FINAL,COSTO_TOTAL,ESTADO) values ('4365',to_timestamp('13/10/13 12:00:00,000000000 AM','DD/MM/RR HH12:MI:SSXFF AM'),to_timestamp('12/11/13 12:00:00,000000000 AM','DD/MM/RR HH12:MI:SSXFF AM'),'800000','CANCELADO');
Insert into ISIS2304A741810.CONTRATO (ID,FECHA_INICIO,FECHA_FINAL,COSTO_TOTAL,ESTADO) values ('4521',to_timestamp('29/04/16 12:00:00,000000000 AM','DD/MM/RR HH12:MI:SSXFF AM'),to_timestamp('31/05/16 12:00:00,000000000 AM','DD/MM/RR HH12:MI:SSXFF AM'),'650000','VIGENTE');
Insert into ISIS2304A741810.CONTRATO (ID,FECHA_INICIO,FECHA_FINAL,COSTO_TOTAL,ESTADO) values ('6872',to_timestamp('11/11/18 12:00:00,000000000 AM','DD/MM/RR HH12:MI:SSXFF AM'),to_timestamp('13/12/18 12:00:00,000000000 AM','DD/MM/RR HH12:MI:SSXFF AM'),'800000','CANCELADO');
Insert into ISIS2304A741810.CONTRATO (ID,FECHA_INICIO,FECHA_FINAL,COSTO_TOTAL,ESTADO) values ('5562',to_timestamp('03/05/03 09:02:44,000000000 PM','DD/MM/RR HH12:MI:SSXFF AM'),to_timestamp('03/09/03 09:02:44,000000000 PM','DD/MM/RR HH12:MI:SSXFF AM'),'7000000','VIGENTE');
Insert into ISIS2304A741810.CONTRATO (ID,FECHA_INICIO,FECHA_FINAL,COSTO_TOTAL,ESTADO) values ('2',to_timestamp('10/01/15 12:00:00,000000000 AM','DD/MM/RR HH12:MI:SSXFF AM'),to_timestamp('10/01/15 12:00:00,000000000 AM','DD/MM/RR HH12:MI:SSXFF AM'),'100000','VIGENTE');
Insert into ISIS2304A741810.CONTRATO (ID,FECHA_INICIO,FECHA_FINAL,COSTO_TOTAL,ESTADO) values ('3',to_timestamp('10/01/18 10:00:00,000000000 AM','DD/MM/RR HH12:MI:SSXFF AM'),to_timestamp('10/01/18 12:00:00,000000000 AM','DD/MM/RR HH12:MI:SSXFF AM'),'1000000','VIGENTE');
Insert into ISIS2304A741810.CONTRATO (ID,FECHA_INICIO,FECHA_FINAL,COSTO_TOTAL,ESTADO) values ('13',to_timestamp('13/10/13 12:00:00,000000000 AM','DD/MM/RR HH12:MI:SSXFF AM'),to_timestamp('12/11/13 12:00:00,000000000 AM','DD/MM/RR HH12:MI:SSXFF AM'),'500000','VIGENTE');
REM INSERTING into ISIS2304A741810.CONTRATOCLIENTE
SET DEFINE OFF;
Insert into ISIS2304A741810.CONTRATOCLIENTE (ID_CLIENTE,ID_CONTRATO) values ('1','1652');
Insert into ISIS2304A741810.CONTRATOCLIENTE (ID_CLIENTE,ID_CONTRATO) values ('8','4365');
Insert into ISIS2304A741810.CONTRATOCLIENTE (ID_CLIENTE,ID_CONTRATO) values ('9','4521');
Insert into ISIS2304A741810.CONTRATOCLIENTE (ID_CLIENTE,ID_CONTRATO) values ('2','6512');
Insert into ISIS2304A741810.CONTRATOCLIENTE (ID_CLIENTE,ID_CONTRATO) values ('5','6519');
Insert into ISIS2304A741810.CONTRATOCLIENTE (ID_CLIENTE,ID_CONTRATO) values ('7','6545');
Insert into ISIS2304A741810.CONTRATOCLIENTE (ID_CLIENTE,ID_CONTRATO) values ('3','6845');
Insert into ISIS2304A741810.CONTRATOCLIENTE (ID_CLIENTE,ID_CONTRATO) values ('10','6872');
Insert into ISIS2304A741810.CONTRATOCLIENTE (ID_CLIENTE,ID_CONTRATO) values ('4','9564');
Insert into ISIS2304A741810.CONTRATOCLIENTE (ID_CLIENTE,ID_CONTRATO) values ('6','69745');
REM INSERTING into ISIS2304A741810.CONTRATOESPACIO
SET DEFINE OFF;
Insert into ISIS2304A741810.CONTRATOESPACIO (ID_CONTRATO,ID_ESPACIO) values ('1652','10');
Insert into ISIS2304A741810.CONTRATOESPACIO (ID_CONTRATO,ID_ESPACIO) values ('4365','80');
Insert into ISIS2304A741810.CONTRATOESPACIO (ID_CONTRATO,ID_ESPACIO) values ('4521','90');
Insert into ISIS2304A741810.CONTRATOESPACIO (ID_CONTRATO,ID_ESPACIO) values ('6512','20');
Insert into ISIS2304A741810.CONTRATOESPACIO (ID_CONTRATO,ID_ESPACIO) values ('6519','50');
Insert into ISIS2304A741810.CONTRATOESPACIO (ID_CONTRATO,ID_ESPACIO) values ('6545','70');
Insert into ISIS2304A741810.CONTRATOESPACIO (ID_CONTRATO,ID_ESPACIO) values ('6845','30');
Insert into ISIS2304A741810.CONTRATOESPACIO (ID_CONTRATO,ID_ESPACIO) values ('6872','100');
Insert into ISIS2304A741810.CONTRATOESPACIO (ID_CONTRATO,ID_ESPACIO) values ('9564','40');
Insert into ISIS2304A741810.CONTRATOESPACIO (ID_CONTRATO,ID_ESPACIO) values ('69745','60');
REM INSERTING into ISIS2304A741810.CONTRATOSERVICIO
SET DEFINE OFF;
Insert into ISIS2304A741810.CONTRATOSERVICIO (ID_CONTRATO,ID_SERVICIO) values ('1652','1');
Insert into ISIS2304A741810.CONTRATOSERVICIO (ID_CONTRATO,ID_SERVICIO) values ('4365','8');
Insert into ISIS2304A741810.CONTRATOSERVICIO (ID_CONTRATO,ID_SERVICIO) values ('4521','9');
Insert into ISIS2304A741810.CONTRATOSERVICIO (ID_CONTRATO,ID_SERVICIO) values ('6512','2');
Insert into ISIS2304A741810.CONTRATOSERVICIO (ID_CONTRATO,ID_SERVICIO) values ('6519','5');
Insert into ISIS2304A741810.CONTRATOSERVICIO (ID_CONTRATO,ID_SERVICIO) values ('6545','7');
Insert into ISIS2304A741810.CONTRATOSERVICIO (ID_CONTRATO,ID_SERVICIO) values ('6845','3');
Insert into ISIS2304A741810.CONTRATOSERVICIO (ID_CONTRATO,ID_SERVICIO) values ('6872','10');
Insert into ISIS2304A741810.CONTRATOSERVICIO (ID_CONTRATO,ID_SERVICIO) values ('9564','4');
Insert into ISIS2304A741810.CONTRATOSERVICIO (ID_CONTRATO,ID_SERVICIO) values ('69745','6');
REM INSERTING into ISIS2304A741810.ESPACIOAPARTAMENTO
SET DEFINE OFF;
Insert into ISIS2304A741810.ESPACIOAPARTAMENTO (ID,ID_APARTAMENTO) values ('10','1');
Insert into ISIS2304A741810.ESPACIOAPARTAMENTO (ID,ID_APARTAMENTO) values ('20','2');
Insert into ISIS2304A741810.ESPACIOAPARTAMENTO (ID,ID_APARTAMENTO) values ('30','3');
Insert into ISIS2304A741810.ESPACIOAPARTAMENTO (ID,ID_APARTAMENTO) values ('40','4');
Insert into ISIS2304A741810.ESPACIOAPARTAMENTO (ID,ID_APARTAMENTO) values ('50','5');
Insert into ISIS2304A741810.ESPACIOAPARTAMENTO (ID,ID_APARTAMENTO) values ('60','6');
Insert into ISIS2304A741810.ESPACIOAPARTAMENTO (ID,ID_APARTAMENTO) values ('70','7');
Insert into ISIS2304A741810.ESPACIOAPARTAMENTO (ID,ID_APARTAMENTO) values ('80','8');
Insert into ISIS2304A741810.ESPACIOAPARTAMENTO (ID,ID_APARTAMENTO) values ('90','9');
Insert into ISIS2304A741810.ESPACIOAPARTAMENTO (ID,ID_APARTAMENTO) values ('100','10');
REM INSERTING into ISIS2304A741810.ESPACIOHABITACION
SET DEFINE OFF;
Insert into ISIS2304A741810.ESPACIOHABITACION (ID,ID_HABITACION) values ('10','1');
Insert into ISIS2304A741810.ESPACIOHABITACION (ID,ID_HABITACION) values ('20','2');
Insert into ISIS2304A741810.ESPACIOHABITACION (ID,ID_HABITACION) values ('30','3');
Insert into ISIS2304A741810.ESPACIOHABITACION (ID,ID_HABITACION) values ('40','4');
Insert into ISIS2304A741810.ESPACIOHABITACION (ID,ID_HABITACION) values ('50','5');
Insert into ISIS2304A741810.ESPACIOHABITACION (ID,ID_HABITACION) values ('60','6');
Insert into ISIS2304A741810.ESPACIOHABITACION (ID,ID_HABITACION) values ('70','7');
Insert into ISIS2304A741810.ESPACIOHABITACION (ID,ID_HABITACION) values ('80','8');
Insert into ISIS2304A741810.ESPACIOHABITACION (ID,ID_HABITACION) values ('90','9');
Insert into ISIS2304A741810.ESPACIOHABITACION (ID,ID_HABITACION) values ('100','10');
REM INSERTING into ISIS2304A741810.ESTADOCONTRATO
SET DEFINE OFF;
Insert into ISIS2304A741810.ESTADOCONTRATO (ESTADO) values ('CANCELADO');
Insert into ISIS2304A741810.ESTADOCONTRATO (ESTADO) values ('FINALIZADO');
Insert into ISIS2304A741810.ESTADOCONTRATO (ESTADO) values ('RESERVADO');
Insert into ISIS2304A741810.ESTADOCONTRATO (ESTADO) values ('VIGENTE');
REM INSERTING into ISIS2304A741810.HABITACION
SET DEFINE OFF;
Insert into ISIS2304A741810.HABITACION (ID,CAPACIDAD,COMPARTIDA,TIPO) values ('1','1','0','ESTANDAR');
Insert into ISIS2304A741810.HABITACION (ID,CAPACIDAD,COMPARTIDA,TIPO) values ('2','1','1','SEMISUITE');
Insert into ISIS2304A741810.HABITACION (ID,CAPACIDAD,COMPARTIDA,TIPO) values ('3','2','1','SUITE');
Insert into ISIS2304A741810.HABITACION (ID,CAPACIDAD,COMPARTIDA,TIPO) values ('4','1','0','SUITE');
Insert into ISIS2304A741810.HABITACION (ID,CAPACIDAD,COMPARTIDA,TIPO) values ('5','2','1','ESTANDAR');
Insert into ISIS2304A741810.HABITACION (ID,CAPACIDAD,COMPARTIDA,TIPO) values ('6','3','0','ESTANDAR');
Insert into ISIS2304A741810.HABITACION (ID,CAPACIDAD,COMPARTIDA,TIPO) values ('7','2','0','SUITE');
Insert into ISIS2304A741810.HABITACION (ID,CAPACIDAD,COMPARTIDA,TIPO) values ('8','4','1','SUITE');
Insert into ISIS2304A741810.HABITACION (ID,CAPACIDAD,COMPARTIDA,TIPO) values ('9','3','1','SUITE');
Insert into ISIS2304A741810.HABITACION (ID,CAPACIDAD,COMPARTIDA,TIPO) values ('10','2','0','SEMISUITE');
Insert into ISIS2304A741810.HABITACION (ID,CAPACIDAD,COMPARTIDA,TIPO) values ('13','5','1','ESTANDAR');
REM INSERTING into ISIS2304A741810.OFERTA
SET DEFINE OFF;
Insert into ISIS2304A741810.OFERTA (ID,COSTO,VECES) values ('51652','800000','5');
Insert into ISIS2304A741810.OFERTA (ID,COSTO,VECES) values ('12354','900000','4');
Insert into ISIS2304A741810.OFERTA (ID,COSTO,VECES) values ('218975','100000','36');
Insert into ISIS2304A741810.OFERTA (ID,COSTO,VECES) values ('87953','954000','10');
Insert into ISIS2304A741810.OFERTA (ID,COSTO,VECES) values ('48456','698000','9');
Insert into ISIS2304A741810.OFERTA (ID,COSTO,VECES) values ('1795','800000','22');
Insert into ISIS2304A741810.OFERTA (ID,COSTO,VECES) values ('49875','354600','10');
Insert into ISIS2304A741810.OFERTA (ID,COSTO,VECES) values ('18795','975200','15');
Insert into ISIS2304A741810.OFERTA (ID,COSTO,VECES) values ('71','750000','15');
REM INSERTING into ISIS2304A741810.OFERTAESPACIO
SET DEFINE OFF;
Insert into ISIS2304A741810.OFERTAESPACIO (ID_OFERTA,ID_ESPACIO) values ('1795','60');
Insert into ISIS2304A741810.OFERTAESPACIO (ID_OFERTA,ID_ESPACIO) values ('12354','20');
Insert into ISIS2304A741810.OFERTAESPACIO (ID_OFERTA,ID_ESPACIO) values ('18795','100');
Insert into ISIS2304A741810.OFERTAESPACIO (ID_OFERTA,ID_ESPACIO) values ('48456','50');
Insert into ISIS2304A741810.OFERTAESPACIO (ID_OFERTA,ID_ESPACIO) values ('49875','70');
Insert into ISIS2304A741810.OFERTAESPACIO (ID_OFERTA,ID_ESPACIO) values ('51652','10');
Insert into ISIS2304A741810.OFERTAESPACIO (ID_OFERTA,ID_ESPACIO) values ('87953','40');
Insert into ISIS2304A741810.OFERTAESPACIO (ID_OFERTA,ID_ESPACIO) values ('218975','30');
REM INSERTING into ISIS2304A741810.OPERADOR
SET DEFINE OFF;
Insert into ISIS2304A741810.OPERADOR (ID,NOMBRE,TIPO) values ('1','CityU','EMPRESA');
Insert into ISIS2304A741810.OPERADOR (ID,NOMBRE,TIPO) values ('2','BD Bacata','EMPRESA');
Insert into ISIS2304A741810.OPERADOR (ID,NOMBRE,TIPO) values ('3','Carlos Castro','NATURAL');
Insert into ISIS2304A741810.OPERADOR (ID,NOMBRE,TIPO) values ('4','Uniandes','EMPRESA');
Insert into ISIS2304A741810.OPERADOR (ID,NOMBRE,TIPO) values ('5','Julio Gomez','NATURAL');
Insert into ISIS2304A741810.OPERADOR (ID,NOMBRE,TIPO) values ('6','Sheraton','EMPRESA');
Insert into ISIS2304A741810.OPERADOR (ID,NOMBRE,TIPO) values ('7','Dann Carlton','EMPRESA');
Insert into ISIS2304A741810.OPERADOR (ID,NOMBRE,TIPO) values ('8','Hilton','EMPRESA');
Insert into ISIS2304A741810.OPERADOR (ID,NOMBRE,TIPO) values ('9','Sonesta','EMPRESA');
Insert into ISIS2304A741810.OPERADOR (ID,NOMBRE,TIPO) values ('10','Juana  Navas','NATURAL');
Insert into ISIS2304A741810.OPERADOR (ID,NOMBRE,TIPO) values ('135','Hernan','EMPRESA');
REM INSERTING into ISIS2304A741810.OPERADORCONTRATO
SET DEFINE OFF;
Insert into ISIS2304A741810.OPERADORCONTRATO (ID_OPERADOR,ID_CONTRATO) values ('1','1652');
Insert into ISIS2304A741810.OPERADORCONTRATO (ID_OPERADOR,ID_CONTRATO) values ('2','6512');
Insert into ISIS2304A741810.OPERADORCONTRATO (ID_OPERADOR,ID_CONTRATO) values ('3','6845');
Insert into ISIS2304A741810.OPERADORCONTRATO (ID_OPERADOR,ID_CONTRATO) values ('4','9564');
Insert into ISIS2304A741810.OPERADORCONTRATO (ID_OPERADOR,ID_CONTRATO) values ('5','6519');
Insert into ISIS2304A741810.OPERADORCONTRATO (ID_OPERADOR,ID_CONTRATO) values ('6','69745');
Insert into ISIS2304A741810.OPERADORCONTRATO (ID_OPERADOR,ID_CONTRATO) values ('7','6545');
Insert into ISIS2304A741810.OPERADORCONTRATO (ID_OPERADOR,ID_CONTRATO) values ('8','4365');
Insert into ISIS2304A741810.OPERADORCONTRATO (ID_OPERADOR,ID_CONTRATO) values ('9','3');
Insert into ISIS2304A741810.OPERADORCONTRATO (ID_OPERADOR,ID_CONTRATO) values ('9','4521');
Insert into ISIS2304A741810.OPERADORCONTRATO (ID_OPERADOR,ID_CONTRATO) values ('10','2');
Insert into ISIS2304A741810.OPERADORCONTRATO (ID_OPERADOR,ID_CONTRATO) values ('10','6872');
REM INSERTING into ISIS2304A741810.OPERADORESPACIO
SET DEFINE OFF;
Insert into ISIS2304A741810.OPERADORESPACIO (ID_ESPACIO,ID_OPERADOR) values ('10','1');
Insert into ISIS2304A741810.OPERADORESPACIO (ID_ESPACIO,ID_OPERADOR) values ('20','2');
Insert into ISIS2304A741810.OPERADORESPACIO (ID_ESPACIO,ID_OPERADOR) values ('30','3');
Insert into ISIS2304A741810.OPERADORESPACIO (ID_ESPACIO,ID_OPERADOR) values ('40','4');
Insert into ISIS2304A741810.OPERADORESPACIO (ID_ESPACIO,ID_OPERADOR) values ('50','5');
Insert into ISIS2304A741810.OPERADORESPACIO (ID_ESPACIO,ID_OPERADOR) values ('60','6');
Insert into ISIS2304A741810.OPERADORESPACIO (ID_ESPACIO,ID_OPERADOR) values ('70','7');
Insert into ISIS2304A741810.OPERADORESPACIO (ID_ESPACIO,ID_OPERADOR) values ('80','8');
Insert into ISIS2304A741810.OPERADORESPACIO (ID_ESPACIO,ID_OPERADOR) values ('90','9');
Insert into ISIS2304A741810.OPERADORESPACIO (ID_ESPACIO,ID_OPERADOR) values ('100','10');
REM INSERTING into ISIS2304A741810.OPERADOROFERTA
SET DEFINE OFF;
Insert into ISIS2304A741810.OPERADOROFERTA (ID_OPERADOR,ID_OFERTA) values ('1','51652');
Insert into ISIS2304A741810.OPERADOROFERTA (ID_OPERADOR,ID_OFERTA) values ('2','12354');
Insert into ISIS2304A741810.OPERADOROFERTA (ID_OPERADOR,ID_OFERTA) values ('3','218975');
Insert into ISIS2304A741810.OPERADOROFERTA (ID_OPERADOR,ID_OFERTA) values ('4','87953');
Insert into ISIS2304A741810.OPERADOROFERTA (ID_OPERADOR,ID_OFERTA) values ('5','48456');
Insert into ISIS2304A741810.OPERADOROFERTA (ID_OPERADOR,ID_OFERTA) values ('6','1795');
Insert into ISIS2304A741810.OPERADOROFERTA (ID_OPERADOR,ID_OFERTA) values ('7','49875');
Insert into ISIS2304A741810.OPERADOROFERTA (ID_OPERADOR,ID_OFERTA) values ('10','18795');
REM INSERTING into ISIS2304A741810.SEGURO
SET DEFINE OFF;
Insert into ISIS2304A741810.SEGURO (ID,NOMBRE,COSTO) values ('1','Sura','78493');
Insert into ISIS2304A741810.SEGURO (ID,NOMBRE,COSTO) values ('2','S','89437');
Insert into ISIS2304A741810.SEGURO (ID,NOMBRE,COSTO) values ('3','SS','91826');
Insert into ISIS2304A741810.SEGURO (ID,NOMBRE,COSTO) values ('4','AASEG','32575');
Insert into ISIS2304A741810.SEGURO (ID,NOMBRE,COSTO) values ('5','SEGUR','812637');
Insert into ISIS2304A741810.SEGURO (ID,NOMBRE,COSTO) values ('6','SG','864839');
Insert into ISIS2304A741810.SEGURO (ID,NOMBRE,COSTO) values ('7','ASG','126534');
Insert into ISIS2304A741810.SEGURO (ID,NOMBRE,COSTO) values ('8','GSA','36478');
Insert into ISIS2304A741810.SEGURO (ID,NOMBRE,COSTO) values ('9','SEGURR','338470');
Insert into ISIS2304A741810.SEGURO (ID,NOMBRE,COSTO) values ('10','AAS','465839');
Insert into ISIS2304A741810.SEGURO (ID,NOMBRE,COSTO) values ('11','SuperSS','123456');
REM INSERTING into ISIS2304A741810.SERVICIO
SET DEFINE OFF;
Insert into ISIS2304A741810.SERVICIO (ID,TIPO,DESCRIPCION,COSTO) values ('1','SALA','Incluye SALA','10000');
Insert into ISIS2304A741810.SERVICIO (ID,TIPO,DESCRIPCION,COSTO) values ('2','TV','Incluye TV','12500');
Insert into ISIS2304A741810.SERVICIO (ID,TIPO,DESCRIPCION,COSTO) values ('3','PISCINA','Incluye PISCINA','16300');
Insert into ISIS2304A741810.SERVICIO (ID,TIPO,DESCRIPCION,COSTO) values ('4','PARQUEADERO','Incluye PARQUEADERO','12500');
Insert into ISIS2304A741810.SERVICIO (ID,TIPO,DESCRIPCION,COSTO) values ('5','WIFI','Incluye WIFY','8000');
Insert into ISIS2304A741810.SERVICIO (ID,TIPO,DESCRIPCION,COSTO) values ('6','TV','Incluye TV','10900');
Insert into ISIS2304A741810.SERVICIO (ID,TIPO,DESCRIPCION,COSTO) values ('7','RECEPCION','Incluye RECEPCION','2000');
Insert into ISIS2304A741810.SERVICIO (ID,TIPO,DESCRIPCION,COSTO) values ('8','TV','Incluye TV','10000');
Insert into ISIS2304A741810.SERVICIO (ID,TIPO,DESCRIPCION,COSTO) values ('9','WIFI','Incluye WIFI','9000');
Insert into ISIS2304A741810.SERVICIO (ID,TIPO,DESCRIPCION,COSTO) values ('10','PISCINA','Incluye PISCINA','1250');
Insert into ISIS2304A741810.SERVICIO (ID,TIPO,DESCRIPCION,COSTO) values ('5426','SALA','INCLUYE SALA','462000');
REM INSERTING into ISIS2304A741810.SERVICIOESPACIO
SET DEFINE OFF;
Insert into ISIS2304A741810.SERVICIOESPACIO (ID_SERVICIO,ID_ESPACIO) values ('1','10');
Insert into ISIS2304A741810.SERVICIOESPACIO (ID_SERVICIO,ID_ESPACIO) values ('2','20');
Insert into ISIS2304A741810.SERVICIOESPACIO (ID_SERVICIO,ID_ESPACIO) values ('3','30');
Insert into ISIS2304A741810.SERVICIOESPACIO (ID_SERVICIO,ID_ESPACIO) values ('4','40');
Insert into ISIS2304A741810.SERVICIOESPACIO (ID_SERVICIO,ID_ESPACIO) values ('5','50');
Insert into ISIS2304A741810.SERVICIOESPACIO (ID_SERVICIO,ID_ESPACIO) values ('6','60');
Insert into ISIS2304A741810.SERVICIOESPACIO (ID_SERVICIO,ID_ESPACIO) values ('7','70');
Insert into ISIS2304A741810.SERVICIOESPACIO (ID_SERVICIO,ID_ESPACIO) values ('8','80');
Insert into ISIS2304A741810.SERVICIOESPACIO (ID_SERVICIO,ID_ESPACIO) values ('9','90');
Insert into ISIS2304A741810.SERVICIOESPACIO (ID_SERVICIO,ID_ESPACIO) values ('10','100');
REM INSERTING into ISIS2304A741810.TIPOHABITACION
SET DEFINE OFF;
Insert into ISIS2304A741810.TIPOHABITACION (TIPO) values ('ESTANDAR');
Insert into ISIS2304A741810.TIPOHABITACION (TIPO) values ('SEMISUITE');
Insert into ISIS2304A741810.TIPOHABITACION (TIPO) values ('SUITE');
REM INSERTING into ISIS2304A741810.TIPOOPERADOR
SET DEFINE OFF;
Insert into ISIS2304A741810.TIPOOPERADOR (TIPO) values ('EMPRESA');
Insert into ISIS2304A741810.TIPOOPERADOR (TIPO) values ('NATURAL');
REM INSERTING into ISIS2304A741810.TIPOSERVICIO
SET DEFINE OFF;
Insert into ISIS2304A741810.TIPOSERVICIO (SERVICIO) values ('BANERA');
Insert into ISIS2304A741810.TIPOSERVICIO (SERVICIO) values ('CAPACIDAD');
Insert into ISIS2304A741810.TIPOSERVICIO (SERVICIO) values ('CATEGORIAINSTAL');
Insert into ISIS2304A741810.TIPOSERVICIO (SERVICIO) values ('COCINETA');
Insert into ISIS2304A741810.TIPOSERVICIO (SERVICIO) values ('JACUZZI');
Insert into ISIS2304A741810.TIPOSERVICIO (SERVICIO) values ('PARQUEADERO');
Insert into ISIS2304A741810.TIPOSERVICIO (SERVICIO) values ('PISCINA');
Insert into ISIS2304A741810.TIPOSERVICIO (SERVICIO) values ('RECEPCION');
Insert into ISIS2304A741810.TIPOSERVICIO (SERVICIO) values ('SALA');
Insert into ISIS2304A741810.TIPOSERVICIO (SERVICIO) values ('TIPOINSTAL');
Insert into ISIS2304A741810.TIPOSERVICIO (SERVICIO) values ('TV');
Insert into ISIS2304A741810.TIPOSERVICIO (SERVICIO) values ('UBICACION');
Insert into ISIS2304A741810.TIPOSERVICIO (SERVICIO) values ('WIFI');
REM INSERTING into ISIS2304A741810.VINCULOCLIENTE
SET DEFINE OFF;
Insert into ISIS2304A741810.VINCULOCLIENTE (VINCULO) values ('EGRESADO');
Insert into ISIS2304A741810.VINCULOCLIENTE (VINCULO) values ('EMPLEADO');
Insert into ISIS2304A741810.VINCULOCLIENTE (VINCULO) values ('ESTUDIANTE');
Insert into ISIS2304A741810.VINCULOCLIENTE (VINCULO) values ('PADRE');
Insert into ISIS2304A741810.VINCULOCLIENTE (VINCULO) values ('PROFESOR');
Insert into ISIS2304A741810.VINCULOCLIENTE (VINCULO) values ('PROFINVITADO');
Insert into ISIS2304A741810.VINCULOCLIENTE (VINCULO) values ('REGISTRADO');
--------------------------------------------------------
--  DDL for Index APARTAMENTO_PK
--------------------------------------------------------

  CREATE UNIQUE INDEX "ISIS2304A741810"."APARTAMENTO_PK" ON "ISIS2304A741810"."APARTAMENTO" ("ID") 
  PCTFREE 10 INITRANS 2 MAXTRANS 255 COMPUTE STATISTICS NOLOGGING 
  STORAGE(INITIAL 65536 NEXT 1048576 MINEXTENTS 1 MAXEXTENTS 2147483645
  PCTINCREASE 0 FREELISTS 1 FREELIST GROUPS 1
  BUFFER_POOL DEFAULT FLASH_CACHE DEFAULT CELL_FLASH_CACHE DEFAULT)
  TABLESPACE "TBSPROD" ;
--------------------------------------------------------
--  DDL for Index APARTAMENTOSEGURO_PK
--------------------------------------------------------

  CREATE UNIQUE INDEX "ISIS2304A741810"."APARTAMENTOSEGURO_PK" ON "ISIS2304A741810"."APARTAMENTOSEGURO" ("ID_APARTAMENTO", "ID_SEGURO") 
  PCTFREE 10 INITRANS 2 MAXTRANS 255 COMPUTE STATISTICS NOLOGGING 
  STORAGE(INITIAL 65536 NEXT 1048576 MINEXTENTS 1 MAXEXTENTS 2147483645
  PCTINCREASE 0 FREELISTS 1 FREELIST GROUPS 1
  BUFFER_POOL DEFAULT FLASH_CACHE DEFAULT CELL_FLASH_CACHE DEFAULT)
  TABLESPACE "TBSPROD" ;
--------------------------------------------------------
--  DDL for Index CLIENTE_PK
--------------------------------------------------------

  CREATE UNIQUE INDEX "ISIS2304A741810"."CLIENTE_PK" ON "ISIS2304A741810"."CLIENTE" ("ID") 
  PCTFREE 10 INITRANS 2 MAXTRANS 255 COMPUTE STATISTICS NOLOGGING 
  STORAGE(INITIAL 65536 NEXT 1048576 MINEXTENTS 1 MAXEXTENTS 2147483645
  PCTINCREASE 0 FREELISTS 1 FREELIST GROUPS 1
  BUFFER_POOL DEFAULT FLASH_CACHE DEFAULT CELL_FLASH_CACHE DEFAULT)
  TABLESPACE "TBSPROD" ;
--------------------------------------------------------
--  DDL for Index CONTRATO_PK
--------------------------------------------------------

  CREATE UNIQUE INDEX "ISIS2304A741810"."CONTRATO_PK" ON "ISIS2304A741810"."CONTRATO" ("ID") 
  PCTFREE 10 INITRANS 2 MAXTRANS 255 COMPUTE STATISTICS NOLOGGING 
  STORAGE(INITIAL 65536 NEXT 1048576 MINEXTENTS 1 MAXEXTENTS 2147483645
  PCTINCREASE 0 FREELISTS 1 FREELIST GROUPS 1
  BUFFER_POOL DEFAULT FLASH_CACHE DEFAULT CELL_FLASH_CACHE DEFAULT)
  TABLESPACE "TBSPROD" ;
--------------------------------------------------------
--  DDL for Index CONTRATOCLIENTE_PK
--------------------------------------------------------

  CREATE UNIQUE INDEX "ISIS2304A741810"."CONTRATOCLIENTE_PK" ON "ISIS2304A741810"."CONTRATOCLIENTE" ("ID_CONTRATO", "ID_CLIENTE") 
  PCTFREE 10 INITRANS 2 MAXTRANS 255 NOLOGGING 
  STORAGE(INITIAL 65536 NEXT 1048576 MINEXTENTS 1 MAXEXTENTS 2147483645
  PCTINCREASE 0 FREELISTS 1 FREELIST GROUPS 1
  BUFFER_POOL DEFAULT FLASH_CACHE DEFAULT CELL_FLASH_CACHE DEFAULT)
  TABLESPACE "TBSPROD" ;
--------------------------------------------------------
--  DDL for Index CONTRATOESPACIO_PK
--------------------------------------------------------

  CREATE UNIQUE INDEX "ISIS2304A741810"."CONTRATOESPACIO_PK" ON "ISIS2304A741810"."CONTRATOESPACIO" ("ID_CONTRATO", "ID_ESPACIO") 
  PCTFREE 10 INITRANS 2 MAXTRANS 255 NOLOGGING 
  STORAGE(INITIAL 65536 NEXT 1048576 MINEXTENTS 1 MAXEXTENTS 2147483645
  PCTINCREASE 0 FREELISTS 1 FREELIST GROUPS 1
  BUFFER_POOL DEFAULT FLASH_CACHE DEFAULT CELL_FLASH_CACHE DEFAULT)
  TABLESPACE "TBSPROD" ;
--------------------------------------------------------
--  DDL for Index CONTRATOSERVICIO_PK
--------------------------------------------------------

  CREATE UNIQUE INDEX "ISIS2304A741810"."CONTRATOSERVICIO_PK" ON "ISIS2304A741810"."CONTRATOSERVICIO" ("ID_CONTRATO", "ID_SERVICIO") 
  PCTFREE 10 INITRANS 2 MAXTRANS 255 NOLOGGING 
  STORAGE(INITIAL 65536 NEXT 1048576 MINEXTENTS 1 MAXEXTENTS 2147483645
  PCTINCREASE 0 FREELISTS 1 FREELIST GROUPS 1
  BUFFER_POOL DEFAULT FLASH_CACHE DEFAULT CELL_FLASH_CACHE DEFAULT)
  TABLESPACE "TBSPROD" ;
--------------------------------------------------------
--  DDL for Index ESPACIO_PK
--------------------------------------------------------

  CREATE UNIQUE INDEX "ISIS2304A741810"."ESPACIO_PK" ON "ISIS2304A741810"."ESPACIOAPARTAMENTO" ("ID") 
  PCTFREE 10 INITRANS 2 MAXTRANS 255 NOLOGGING 
  STORAGE(INITIAL 65536 NEXT 1048576 MINEXTENTS 1 MAXEXTENTS 2147483645
  PCTINCREASE 0 FREELISTS 1 FREELIST GROUPS 1
  BUFFER_POOL DEFAULT FLASH_CACHE DEFAULT CELL_FLASH_CACHE DEFAULT)
  TABLESPACE "TBSPROD" ;
--------------------------------------------------------
--  DDL for Index ESPACIOHABITACION_PK
--------------------------------------------------------

  CREATE UNIQUE INDEX "ISIS2304A741810"."ESPACIOHABITACION_PK" ON "ISIS2304A741810"."ESPACIOHABITACION" ("ID") 
  PCTFREE 10 INITRANS 2 MAXTRANS 255 NOLOGGING 
  STORAGE(INITIAL 65536 NEXT 1048576 MINEXTENTS 1 MAXEXTENTS 2147483645
  PCTINCREASE 0 FREELISTS 1 FREELIST GROUPS 1
  BUFFER_POOL DEFAULT FLASH_CACHE DEFAULT CELL_FLASH_CACHE DEFAULT)
  TABLESPACE "TBSPROD" ;
--------------------------------------------------------
--  DDL for Index ESTADOCONTRATO_PK
--------------------------------------------------------

  CREATE UNIQUE INDEX "ISIS2304A741810"."ESTADOCONTRATO_PK" ON "ISIS2304A741810"."ESTADOCONTRATO" ("ESTADO") 
  PCTFREE 10 INITRANS 2 MAXTRANS 255 NOLOGGING 
  STORAGE(INITIAL 65536 NEXT 1048576 MINEXTENTS 1 MAXEXTENTS 2147483645
  PCTINCREASE 0 FREELISTS 1 FREELIST GROUPS 1
  BUFFER_POOL DEFAULT FLASH_CACHE DEFAULT CELL_FLASH_CACHE DEFAULT)
  TABLESPACE "TBSPROD" ;
--------------------------------------------------------
--  DDL for Index TABLE1_PK
--------------------------------------------------------

  CREATE UNIQUE INDEX "ISIS2304A741810"."TABLE1_PK" ON "ISIS2304A741810"."HABITACION" ("ID") 
  PCTFREE 10 INITRANS 2 MAXTRANS 255 COMPUTE STATISTICS NOLOGGING 
  STORAGE(INITIAL 65536 NEXT 1048576 MINEXTENTS 1 MAXEXTENTS 2147483645
  PCTINCREASE 0 FREELISTS 1 FREELIST GROUPS 1
  BUFFER_POOL DEFAULT FLASH_CACHE DEFAULT CELL_FLASH_CACHE DEFAULT)
  TABLESPACE "TBSPROD" ;
--------------------------------------------------------
--  DDL for Index OFERTA_PK
--------------------------------------------------------

  CREATE UNIQUE INDEX "ISIS2304A741810"."OFERTA_PK" ON "ISIS2304A741810"."OFERTA" ("ID") 
  PCTFREE 10 INITRANS 2 MAXTRANS 255 NOLOGGING 
  STORAGE(INITIAL 65536 NEXT 1048576 MINEXTENTS 1 MAXEXTENTS 2147483645
  PCTINCREASE 0 FREELISTS 1 FREELIST GROUPS 1
  BUFFER_POOL DEFAULT FLASH_CACHE DEFAULT CELL_FLASH_CACHE DEFAULT)
  TABLESPACE "TBSPROD" ;
--------------------------------------------------------
--  DDL for Index OFERTAESPACIO_PK
--------------------------------------------------------

  CREATE UNIQUE INDEX "ISIS2304A741810"."OFERTAESPACIO_PK" ON "ISIS2304A741810"."OFERTAESPACIO" ("ID_OFERTA", "ID_ESPACIO") 
  PCTFREE 10 INITRANS 2 MAXTRANS 255 COMPUTE STATISTICS NOLOGGING 
  STORAGE(INITIAL 65536 NEXT 1048576 MINEXTENTS 1 MAXEXTENTS 2147483645
  PCTINCREASE 0 FREELISTS 1 FREELIST GROUPS 1
  BUFFER_POOL DEFAULT FLASH_CACHE DEFAULT CELL_FLASH_CACHE DEFAULT)
  TABLESPACE "TBSPROD" ;
--------------------------------------------------------
--  DDL for Index OPERADOR_PK
--------------------------------------------------------

  CREATE UNIQUE INDEX "ISIS2304A741810"."OPERADOR_PK" ON "ISIS2304A741810"."OPERADOR" ("ID") 
  PCTFREE 10 INITRANS 2 MAXTRANS 255 NOLOGGING 
  STORAGE(INITIAL 65536 NEXT 1048576 MINEXTENTS 1 MAXEXTENTS 2147483645
  PCTINCREASE 0 FREELISTS 1 FREELIST GROUPS 1
  BUFFER_POOL DEFAULT FLASH_CACHE DEFAULT CELL_FLASH_CACHE DEFAULT)
  TABLESPACE "TBSPROD" ;
--------------------------------------------------------
--  DDL for Index OPERADORCONTRATO_PK
--------------------------------------------------------

  CREATE UNIQUE INDEX "ISIS2304A741810"."OPERADORCONTRATO_PK" ON "ISIS2304A741810"."OPERADORCONTRATO" ("ID_OPERADOR", "ID_CONTRATO") 
  PCTFREE 10 INITRANS 2 MAXTRANS 255 NOLOGGING 
  STORAGE(INITIAL 65536 NEXT 1048576 MINEXTENTS 1 MAXEXTENTS 2147483645
  PCTINCREASE 0 FREELISTS 1 FREELIST GROUPS 1
  BUFFER_POOL DEFAULT FLASH_CACHE DEFAULT CELL_FLASH_CACHE DEFAULT)
  TABLESPACE "TBSPROD" ;
--------------------------------------------------------
--  DDL for Index OPERADORESPACIO_PK
--------------------------------------------------------

  CREATE UNIQUE INDEX "ISIS2304A741810"."OPERADORESPACIO_PK" ON "ISIS2304A741810"."OPERADORESPACIO" ("ID_ESPACIO", "ID_OPERADOR") 
  PCTFREE 10 INITRANS 2 MAXTRANS 255 COMPUTE STATISTICS NOLOGGING 
  STORAGE(INITIAL 65536 NEXT 1048576 MINEXTENTS 1 MAXEXTENTS 2147483645
  PCTINCREASE 0 FREELISTS 1 FREELIST GROUPS 1
  BUFFER_POOL DEFAULT FLASH_CACHE DEFAULT CELL_FLASH_CACHE DEFAULT)
  TABLESPACE "TBSPROD" ;
--------------------------------------------------------
--  DDL for Index OPERADOROFERTA_PK
--------------------------------------------------------

  CREATE UNIQUE INDEX "ISIS2304A741810"."OPERADOROFERTA_PK" ON "ISIS2304A741810"."OPERADOROFERTA" ("ID_OPERADOR", "ID_OFERTA") 
  PCTFREE 10 INITRANS 2 MAXTRANS 255 COMPUTE STATISTICS NOLOGGING 
  STORAGE(INITIAL 65536 NEXT 1048576 MINEXTENTS 1 MAXEXTENTS 2147483645
  PCTINCREASE 0 FREELISTS 1 FREELIST GROUPS 1
  BUFFER_POOL DEFAULT FLASH_CACHE DEFAULT CELL_FLASH_CACHE DEFAULT)
  TABLESPACE "TBSPROD" ;
--------------------------------------------------------
--  DDL for Index SEGURO_PK
--------------------------------------------------------

  CREATE UNIQUE INDEX "ISIS2304A741810"."SEGURO_PK" ON "ISIS2304A741810"."SEGURO" ("ID") 
  PCTFREE 10 INITRANS 2 MAXTRANS 255 COMPUTE STATISTICS NOLOGGING 
  STORAGE(INITIAL 65536 NEXT 1048576 MINEXTENTS 1 MAXEXTENTS 2147483645
  PCTINCREASE 0 FREELISTS 1 FREELIST GROUPS 1
  BUFFER_POOL DEFAULT FLASH_CACHE DEFAULT CELL_FLASH_CACHE DEFAULT)
  TABLESPACE "TBSPROD" ;
--------------------------------------------------------
--  DDL for Index SERVICIO_PK
--------------------------------------------------------

  CREATE UNIQUE INDEX "ISIS2304A741810"."SERVICIO_PK" ON "ISIS2304A741810"."SERVICIO" ("ID") 
  PCTFREE 10 INITRANS 2 MAXTRANS 255 NOLOGGING 
  STORAGE(INITIAL 65536 NEXT 1048576 MINEXTENTS 1 MAXEXTENTS 2147483645
  PCTINCREASE 0 FREELISTS 1 FREELIST GROUPS 1
  BUFFER_POOL DEFAULT FLASH_CACHE DEFAULT CELL_FLASH_CACHE DEFAULT)
  TABLESPACE "TBSPROD" ;
--------------------------------------------------------
--  DDL for Index SERVICIOESPACIO_PK
--------------------------------------------------------

  CREATE UNIQUE INDEX "ISIS2304A741810"."SERVICIOESPACIO_PK" ON "ISIS2304A741810"."SERVICIOESPACIO" ("ID_SERVICIO", "ID_ESPACIO") 
  PCTFREE 10 INITRANS 2 MAXTRANS 255 NOLOGGING 
  STORAGE(INITIAL 65536 NEXT 1048576 MINEXTENTS 1 MAXEXTENTS 2147483645
  PCTINCREASE 0 FREELISTS 1 FREELIST GROUPS 1
  BUFFER_POOL DEFAULT FLASH_CACHE DEFAULT CELL_FLASH_CACHE DEFAULT)
  TABLESPACE "TBSPROD" ;
--------------------------------------------------------
--  DDL for Index TIPOHABITACION_PK
--------------------------------------------------------

  CREATE UNIQUE INDEX "ISIS2304A741810"."TIPOHABITACION_PK" ON "ISIS2304A741810"."TIPOHABITACION" ("TIPO") 
  PCTFREE 10 INITRANS 2 MAXTRANS 255 COMPUTE STATISTICS NOLOGGING 
  STORAGE(INITIAL 65536 NEXT 1048576 MINEXTENTS 1 MAXEXTENTS 2147483645
  PCTINCREASE 0 FREELISTS 1 FREELIST GROUPS 1
  BUFFER_POOL DEFAULT FLASH_CACHE DEFAULT CELL_FLASH_CACHE DEFAULT)
  TABLESPACE "TBSPROD" ;
--------------------------------------------------------
--  DDL for Index TIPOOPERADOR_PK
--------------------------------------------------------

  CREATE UNIQUE INDEX "ISIS2304A741810"."TIPOOPERADOR_PK" ON "ISIS2304A741810"."TIPOOPERADOR" ("TIPO") 
  PCTFREE 10 INITRANS 2 MAXTRANS 255 COMPUTE STATISTICS NOLOGGING 
  STORAGE(INITIAL 65536 NEXT 1048576 MINEXTENTS 1 MAXEXTENTS 2147483645
  PCTINCREASE 0 FREELISTS 1 FREELIST GROUPS 1
  BUFFER_POOL DEFAULT FLASH_CACHE DEFAULT CELL_FLASH_CACHE DEFAULT)
  TABLESPACE "TBSPROD" ;
--------------------------------------------------------
--  DDL for Index TIPOSERVICIO_PK
--------------------------------------------------------

  CREATE UNIQUE INDEX "ISIS2304A741810"."TIPOSERVICIO_PK" ON "ISIS2304A741810"."TIPOSERVICIO" ("SERVICIO") 
  PCTFREE 10 INITRANS 2 MAXTRANS 255 COMPUTE STATISTICS NOLOGGING 
  STORAGE(INITIAL 65536 NEXT 1048576 MINEXTENTS 1 MAXEXTENTS 2147483645
  PCTINCREASE 0 FREELISTS 1 FREELIST GROUPS 1
  BUFFER_POOL DEFAULT FLASH_CACHE DEFAULT CELL_FLASH_CACHE DEFAULT)
  TABLESPACE "TBSPROD" ;
--------------------------------------------------------
--  DDL for Index VINCULOCLIENTE_PK
--------------------------------------------------------

  CREATE UNIQUE INDEX "ISIS2304A741810"."VINCULOCLIENTE_PK" ON "ISIS2304A741810"."VINCULOCLIENTE" ("VINCULO") 
  PCTFREE 10 INITRANS 2 MAXTRANS 255 COMPUTE STATISTICS NOLOGGING 
  STORAGE(INITIAL 65536 NEXT 1048576 MINEXTENTS 1 MAXEXTENTS 2147483645
  PCTINCREASE 0 FREELISTS 1 FREELIST GROUPS 1
  BUFFER_POOL DEFAULT FLASH_CACHE DEFAULT CELL_FLASH_CACHE DEFAULT)
  TABLESPACE "TBSPROD" ;
--------------------------------------------------------
--  Constraints for Table APARTAMENTO
--------------------------------------------------------

  ALTER TABLE "ISIS2304A741810"."APARTAMENTO" MODIFY ("HABITACIONES" NOT NULL ENABLE);
  ALTER TABLE "ISIS2304A741810"."APARTAMENTO" MODIFY ("ID" NOT NULL ENABLE);
  ALTER TABLE "ISIS2304A741810"."APARTAMENTO" ADD CONSTRAINT "APARTAMENTO_PK" PRIMARY KEY ("ID")
  USING INDEX PCTFREE 10 INITRANS 2 MAXTRANS 255 COMPUTE STATISTICS NOLOGGING 
  STORAGE(INITIAL 65536 NEXT 1048576 MINEXTENTS 1 MAXEXTENTS 2147483645
  PCTINCREASE 0 FREELISTS 1 FREELIST GROUPS 1
  BUFFER_POOL DEFAULT FLASH_CACHE DEFAULT CELL_FLASH_CACHE DEFAULT)
  TABLESPACE "TBSPROD"  ENABLE;
--------------------------------------------------------
--  Constraints for Table APARTAMENTOSEGURO
--------------------------------------------------------

  ALTER TABLE "ISIS2304A741810"."APARTAMENTOSEGURO" MODIFY ("ID_SEGURO" NOT NULL ENABLE);
  ALTER TABLE "ISIS2304A741810"."APARTAMENTOSEGURO" MODIFY ("ID_APARTAMENTO" NOT NULL ENABLE);
  ALTER TABLE "ISIS2304A741810"."APARTAMENTOSEGURO" ADD CONSTRAINT "APARTAMENTOSEGURO_PK" PRIMARY KEY ("ID_APARTAMENTO", "ID_SEGURO")
  USING INDEX PCTFREE 10 INITRANS 2 MAXTRANS 255 COMPUTE STATISTICS NOLOGGING 
  STORAGE(INITIAL 65536 NEXT 1048576 MINEXTENTS 1 MAXEXTENTS 2147483645
  PCTINCREASE 0 FREELISTS 1 FREELIST GROUPS 1
  BUFFER_POOL DEFAULT FLASH_CACHE DEFAULT CELL_FLASH_CACHE DEFAULT)
  TABLESPACE "TBSPROD"  ENABLE;
--------------------------------------------------------
--  Constraints for Table CLIENTE
--------------------------------------------------------

  ALTER TABLE "ISIS2304A741810"."CLIENTE" MODIFY ("VINCULO" NOT NULL ENABLE);
  ALTER TABLE "ISIS2304A741810"."CLIENTE" MODIFY ("NOMBRE" NOT NULL ENABLE);
  ALTER TABLE "ISIS2304A741810"."CLIENTE" MODIFY ("ID" NOT NULL ENABLE);
  ALTER TABLE "ISIS2304A741810"."CLIENTE" ADD CONSTRAINT "CLIENTE_PK" PRIMARY KEY ("ID")
  USING INDEX PCTFREE 10 INITRANS 2 MAXTRANS 255 COMPUTE STATISTICS NOLOGGING 
  STORAGE(INITIAL 65536 NEXT 1048576 MINEXTENTS 1 MAXEXTENTS 2147483645
  PCTINCREASE 0 FREELISTS 1 FREELIST GROUPS 1
  BUFFER_POOL DEFAULT FLASH_CACHE DEFAULT CELL_FLASH_CACHE DEFAULT)
  TABLESPACE "TBSPROD"  ENABLE;
--------------------------------------------------------
--  Constraints for Table CONTRATO
--------------------------------------------------------

  ALTER TABLE "ISIS2304A741810"."CONTRATO" MODIFY ("ID" NOT NULL ENABLE);
  ALTER TABLE "ISIS2304A741810"."CONTRATO" ADD CONSTRAINT "CONTRATO_PK" PRIMARY KEY ("ID")
  USING INDEX PCTFREE 10 INITRANS 2 MAXTRANS 255 COMPUTE STATISTICS NOLOGGING 
  STORAGE(INITIAL 65536 NEXT 1048576 MINEXTENTS 1 MAXEXTENTS 2147483645
  PCTINCREASE 0 FREELISTS 1 FREELIST GROUPS 1
  BUFFER_POOL DEFAULT FLASH_CACHE DEFAULT CELL_FLASH_CACHE DEFAULT)
  TABLESPACE "TBSPROD"  ENABLE;
--------------------------------------------------------
--  Constraints for Table CONTRATOCLIENTE
--------------------------------------------------------

  ALTER TABLE "ISIS2304A741810"."CONTRATOCLIENTE" MODIFY ("ID_CONTRATO" NOT NULL ENABLE);
  ALTER TABLE "ISIS2304A741810"."CONTRATOCLIENTE" MODIFY ("ID_CLIENTE" NOT NULL ENABLE);
  ALTER TABLE "ISIS2304A741810"."CONTRATOCLIENTE" ADD CONSTRAINT "CONTRATOCLIENTE_PK" PRIMARY KEY ("ID_CONTRATO", "ID_CLIENTE")
  USING INDEX PCTFREE 10 INITRANS 2 MAXTRANS 255 NOLOGGING 
  STORAGE(INITIAL 65536 NEXT 1048576 MINEXTENTS 1 MAXEXTENTS 2147483645
  PCTINCREASE 0 FREELISTS 1 FREELIST GROUPS 1
  BUFFER_POOL DEFAULT FLASH_CACHE DEFAULT CELL_FLASH_CACHE DEFAULT)
  TABLESPACE "TBSPROD"  ENABLE;
--------------------------------------------------------
--  Constraints for Table CONTRATOESPACIO
--------------------------------------------------------

  ALTER TABLE "ISIS2304A741810"."CONTRATOESPACIO" MODIFY ("ID_ESPACIO" NOT NULL ENABLE);
  ALTER TABLE "ISIS2304A741810"."CONTRATOESPACIO" MODIFY ("ID_CONTRATO" NOT NULL ENABLE);
  ALTER TABLE "ISIS2304A741810"."CONTRATOESPACIO" ADD CONSTRAINT "CONTRATOESPACIO_PK" PRIMARY KEY ("ID_CONTRATO", "ID_ESPACIO")
  USING INDEX PCTFREE 10 INITRANS 2 MAXTRANS 255 NOLOGGING 
  STORAGE(INITIAL 65536 NEXT 1048576 MINEXTENTS 1 MAXEXTENTS 2147483645
  PCTINCREASE 0 FREELISTS 1 FREELIST GROUPS 1
  BUFFER_POOL DEFAULT FLASH_CACHE DEFAULT CELL_FLASH_CACHE DEFAULT)
  TABLESPACE "TBSPROD"  ENABLE;
--------------------------------------------------------
--  Constraints for Table CONTRATOSERVICIO
--------------------------------------------------------

  ALTER TABLE "ISIS2304A741810"."CONTRATOSERVICIO" MODIFY ("ID_SERVICIO" NOT NULL ENABLE);
  ALTER TABLE "ISIS2304A741810"."CONTRATOSERVICIO" MODIFY ("ID_CONTRATO" NOT NULL ENABLE);
  ALTER TABLE "ISIS2304A741810"."CONTRATOSERVICIO" ADD CONSTRAINT "CONTRATOSERVICIO_PK" PRIMARY KEY ("ID_CONTRATO", "ID_SERVICIO")
  USING INDEX PCTFREE 10 INITRANS 2 MAXTRANS 255 NOLOGGING 
  STORAGE(INITIAL 65536 NEXT 1048576 MINEXTENTS 1 MAXEXTENTS 2147483645
  PCTINCREASE 0 FREELISTS 1 FREELIST GROUPS 1
  BUFFER_POOL DEFAULT FLASH_CACHE DEFAULT CELL_FLASH_CACHE DEFAULT)
  TABLESPACE "TBSPROD"  ENABLE;
--------------------------------------------------------
--  Constraints for Table ESPACIOAPARTAMENTO
--------------------------------------------------------

  ALTER TABLE "ISIS2304A741810"."ESPACIOAPARTAMENTO" MODIFY ("ID" NOT NULL ENABLE);
  ALTER TABLE "ISIS2304A741810"."ESPACIOAPARTAMENTO" ADD CONSTRAINT "ESPACIO_PK" PRIMARY KEY ("ID")
  USING INDEX PCTFREE 10 INITRANS 2 MAXTRANS 255 NOLOGGING 
  STORAGE(INITIAL 65536 NEXT 1048576 MINEXTENTS 1 MAXEXTENTS 2147483645
  PCTINCREASE 0 FREELISTS 1 FREELIST GROUPS 1
  BUFFER_POOL DEFAULT FLASH_CACHE DEFAULT CELL_FLASH_CACHE DEFAULT)
  TABLESPACE "TBSPROD"  ENABLE;
--------------------------------------------------------
--  Constraints for Table ESPACIOHABITACION
--------------------------------------------------------

  ALTER TABLE "ISIS2304A741810"."ESPACIOHABITACION" MODIFY ("ID" NOT NULL ENABLE);
  ALTER TABLE "ISIS2304A741810"."ESPACIOHABITACION" ADD CONSTRAINT "ESPACIOHABITACION_PK" PRIMARY KEY ("ID")
  USING INDEX PCTFREE 10 INITRANS 2 MAXTRANS 255 NOLOGGING 
  STORAGE(INITIAL 65536 NEXT 1048576 MINEXTENTS 1 MAXEXTENTS 2147483645
  PCTINCREASE 0 FREELISTS 1 FREELIST GROUPS 1
  BUFFER_POOL DEFAULT FLASH_CACHE DEFAULT CELL_FLASH_CACHE DEFAULT)
  TABLESPACE "TBSPROD"  ENABLE;
--------------------------------------------------------
--  Constraints for Table ESTADOCONTRATO
--------------------------------------------------------

  ALTER TABLE "ISIS2304A741810"."ESTADOCONTRATO" MODIFY ("ESTADO" NOT NULL ENABLE);
  ALTER TABLE "ISIS2304A741810"."ESTADOCONTRATO" ADD CONSTRAINT "ESTADOCONTRATO_PK" PRIMARY KEY ("ESTADO")
  USING INDEX PCTFREE 10 INITRANS 2 MAXTRANS 255 NOLOGGING 
  STORAGE(INITIAL 65536 NEXT 1048576 MINEXTENTS 1 MAXEXTENTS 2147483645
  PCTINCREASE 0 FREELISTS 1 FREELIST GROUPS 1
  BUFFER_POOL DEFAULT FLASH_CACHE DEFAULT CELL_FLASH_CACHE DEFAULT)
  TABLESPACE "TBSPROD"  ENABLE;
--------------------------------------------------------
--  Constraints for Table HABITACION
--------------------------------------------------------

  ALTER TABLE "ISIS2304A741810"."HABITACION" ADD CONSTRAINT "TABLE1_PK" PRIMARY KEY ("ID")
  USING INDEX PCTFREE 10 INITRANS 2 MAXTRANS 255 COMPUTE STATISTICS NOLOGGING 
  STORAGE(INITIAL 65536 NEXT 1048576 MINEXTENTS 1 MAXEXTENTS 2147483645
  PCTINCREASE 0 FREELISTS 1 FREELIST GROUPS 1
  BUFFER_POOL DEFAULT FLASH_CACHE DEFAULT CELL_FLASH_CACHE DEFAULT)
  TABLESPACE "TBSPROD"  ENABLE;
  ALTER TABLE "ISIS2304A741810"."HABITACION" MODIFY ("TIPO" NOT NULL ENABLE);
  ALTER TABLE "ISIS2304A741810"."HABITACION" MODIFY ("COMPARTIDA" NOT NULL ENABLE);
  ALTER TABLE "ISIS2304A741810"."HABITACION" MODIFY ("CAPACIDAD" NOT NULL ENABLE);
  ALTER TABLE "ISIS2304A741810"."HABITACION" MODIFY ("ID" NOT NULL ENABLE);
--------------------------------------------------------
--  Constraints for Table OFERTA
--------------------------------------------------------

  ALTER TABLE "ISIS2304A741810"."OFERTA" MODIFY ("VECES" NOT NULL ENABLE);
  ALTER TABLE "ISIS2304A741810"."OFERTA" MODIFY ("COSTO" NOT NULL ENABLE);
  ALTER TABLE "ISIS2304A741810"."OFERTA" MODIFY ("ID" NOT NULL ENABLE);
  ALTER TABLE "ISIS2304A741810"."OFERTA" ADD CONSTRAINT "OFERTA_PK" PRIMARY KEY ("ID")
  USING INDEX PCTFREE 10 INITRANS 2 MAXTRANS 255 NOLOGGING 
  STORAGE(INITIAL 65536 NEXT 1048576 MINEXTENTS 1 MAXEXTENTS 2147483645
  PCTINCREASE 0 FREELISTS 1 FREELIST GROUPS 1
  BUFFER_POOL DEFAULT FLASH_CACHE DEFAULT CELL_FLASH_CACHE DEFAULT)
  TABLESPACE "TBSPROD"  ENABLE;
--------------------------------------------------------
--  Constraints for Table OFERTAESPACIO
--------------------------------------------------------

  ALTER TABLE "ISIS2304A741810"."OFERTAESPACIO" MODIFY ("ID_OFERTA" NOT NULL ENABLE);
  ALTER TABLE "ISIS2304A741810"."OFERTAESPACIO" MODIFY ("ID_ESPACIO" NOT NULL ENABLE);
  ALTER TABLE "ISIS2304A741810"."OFERTAESPACIO" ADD CONSTRAINT "OFERTAESPACIO_PK" PRIMARY KEY ("ID_OFERTA", "ID_ESPACIO")
  USING INDEX PCTFREE 10 INITRANS 2 MAXTRANS 255 COMPUTE STATISTICS NOLOGGING 
  STORAGE(INITIAL 65536 NEXT 1048576 MINEXTENTS 1 MAXEXTENTS 2147483645
  PCTINCREASE 0 FREELISTS 1 FREELIST GROUPS 1
  BUFFER_POOL DEFAULT FLASH_CACHE DEFAULT CELL_FLASH_CACHE DEFAULT)
  TABLESPACE "TBSPROD"  ENABLE;
--------------------------------------------------------
--  Constraints for Table OPERADOR
--------------------------------------------------------

  ALTER TABLE "ISIS2304A741810"."OPERADOR" MODIFY ("TIPO" NOT NULL ENABLE);
  ALTER TABLE "ISIS2304A741810"."OPERADOR" MODIFY ("NOMBRE" NOT NULL ENABLE);
  ALTER TABLE "ISIS2304A741810"."OPERADOR" MODIFY ("ID" NOT NULL ENABLE);
  ALTER TABLE "ISIS2304A741810"."OPERADOR" ADD CONSTRAINT "OPERADOR_PK" PRIMARY KEY ("ID")
  USING INDEX PCTFREE 10 INITRANS 2 MAXTRANS 255 NOLOGGING 
  STORAGE(INITIAL 65536 NEXT 1048576 MINEXTENTS 1 MAXEXTENTS 2147483645
  PCTINCREASE 0 FREELISTS 1 FREELIST GROUPS 1
  BUFFER_POOL DEFAULT FLASH_CACHE DEFAULT CELL_FLASH_CACHE DEFAULT)
  TABLESPACE "TBSPROD"  ENABLE;
--------------------------------------------------------
--  Constraints for Table OPERADORCONTRATO
--------------------------------------------------------

  ALTER TABLE "ISIS2304A741810"."OPERADORCONTRATO" MODIFY ("ID_CONTRATO" NOT NULL ENABLE);
  ALTER TABLE "ISIS2304A741810"."OPERADORCONTRATO" MODIFY ("ID_OPERADOR" NOT NULL ENABLE);
  ALTER TABLE "ISIS2304A741810"."OPERADORCONTRATO" ADD CONSTRAINT "OPERADORCONTRATO_PK" PRIMARY KEY ("ID_OPERADOR", "ID_CONTRATO")
  USING INDEX PCTFREE 10 INITRANS 2 MAXTRANS 255 NOLOGGING 
  STORAGE(INITIAL 65536 NEXT 1048576 MINEXTENTS 1 MAXEXTENTS 2147483645
  PCTINCREASE 0 FREELISTS 1 FREELIST GROUPS 1
  BUFFER_POOL DEFAULT FLASH_CACHE DEFAULT CELL_FLASH_CACHE DEFAULT)
  TABLESPACE "TBSPROD"  ENABLE;
--------------------------------------------------------
--  Constraints for Table OPERADORESPACIO
--------------------------------------------------------

  ALTER TABLE "ISIS2304A741810"."OPERADORESPACIO" MODIFY ("ID_OPERADOR" NOT NULL ENABLE);
  ALTER TABLE "ISIS2304A741810"."OPERADORESPACIO" MODIFY ("ID_ESPACIO" NOT NULL ENABLE);
  ALTER TABLE "ISIS2304A741810"."OPERADORESPACIO" ADD CONSTRAINT "OPERADORESPACIO_PK" PRIMARY KEY ("ID_ESPACIO", "ID_OPERADOR")
  USING INDEX PCTFREE 10 INITRANS 2 MAXTRANS 255 COMPUTE STATISTICS NOLOGGING 
  STORAGE(INITIAL 65536 NEXT 1048576 MINEXTENTS 1 MAXEXTENTS 2147483645
  PCTINCREASE 0 FREELISTS 1 FREELIST GROUPS 1
  BUFFER_POOL DEFAULT FLASH_CACHE DEFAULT CELL_FLASH_CACHE DEFAULT)
  TABLESPACE "TBSPROD"  ENABLE;
--------------------------------------------------------
--  Constraints for Table OPERADOROFERTA
--------------------------------------------------------

  ALTER TABLE "ISIS2304A741810"."OPERADOROFERTA" MODIFY ("ID_OFERTA" NOT NULL ENABLE);
  ALTER TABLE "ISIS2304A741810"."OPERADOROFERTA" MODIFY ("ID_OPERADOR" NOT NULL ENABLE);
  ALTER TABLE "ISIS2304A741810"."OPERADOROFERTA" ADD CONSTRAINT "OPERADOROFERTA_PK" PRIMARY KEY ("ID_OPERADOR", "ID_OFERTA")
  USING INDEX PCTFREE 10 INITRANS 2 MAXTRANS 255 COMPUTE STATISTICS NOLOGGING 
  STORAGE(INITIAL 65536 NEXT 1048576 MINEXTENTS 1 MAXEXTENTS 2147483645
  PCTINCREASE 0 FREELISTS 1 FREELIST GROUPS 1
  BUFFER_POOL DEFAULT FLASH_CACHE DEFAULT CELL_FLASH_CACHE DEFAULT)
  TABLESPACE "TBSPROD"  ENABLE;
--------------------------------------------------------
--  Constraints for Table SEGURO
--------------------------------------------------------

  ALTER TABLE "ISIS2304A741810"."SEGURO" MODIFY ("COSTO" NOT NULL ENABLE);
  ALTER TABLE "ISIS2304A741810"."SEGURO" MODIFY ("NOMBRE" NOT NULL ENABLE);
  ALTER TABLE "ISIS2304A741810"."SEGURO" MODIFY ("ID" NOT NULL ENABLE);
  ALTER TABLE "ISIS2304A741810"."SEGURO" ADD CONSTRAINT "SEGURO_PK" PRIMARY KEY ("ID")
  USING INDEX PCTFREE 10 INITRANS 2 MAXTRANS 255 COMPUTE STATISTICS NOLOGGING 
  STORAGE(INITIAL 65536 NEXT 1048576 MINEXTENTS 1 MAXEXTENTS 2147483645
  PCTINCREASE 0 FREELISTS 1 FREELIST GROUPS 1
  BUFFER_POOL DEFAULT FLASH_CACHE DEFAULT CELL_FLASH_CACHE DEFAULT)
  TABLESPACE "TBSPROD"  ENABLE;
--------------------------------------------------------
--  Constraints for Table SERVICIO
--------------------------------------------------------

  ALTER TABLE "ISIS2304A741810"."SERVICIO" MODIFY ("COSTO" NOT NULL ENABLE);
  ALTER TABLE "ISIS2304A741810"."SERVICIO" MODIFY ("DESCRIPCION" NOT NULL ENABLE);
  ALTER TABLE "ISIS2304A741810"."SERVICIO" MODIFY ("TIPO" NOT NULL ENABLE);
  ALTER TABLE "ISIS2304A741810"."SERVICIO" MODIFY ("ID" NOT NULL ENABLE);
  ALTER TABLE "ISIS2304A741810"."SERVICIO" ADD CONSTRAINT "SERVICIO_PK" PRIMARY KEY ("ID")
  USING INDEX PCTFREE 10 INITRANS 2 MAXTRANS 255 NOLOGGING 
  STORAGE(INITIAL 65536 NEXT 1048576 MINEXTENTS 1 MAXEXTENTS 2147483645
  PCTINCREASE 0 FREELISTS 1 FREELIST GROUPS 1
  BUFFER_POOL DEFAULT FLASH_CACHE DEFAULT CELL_FLASH_CACHE DEFAULT)
  TABLESPACE "TBSPROD"  ENABLE;
--------------------------------------------------------
--  Constraints for Table SERVICIOESPACIO
--------------------------------------------------------

  ALTER TABLE "ISIS2304A741810"."SERVICIOESPACIO" MODIFY ("ID_ESPACIO" NOT NULL ENABLE);
  ALTER TABLE "ISIS2304A741810"."SERVICIOESPACIO" MODIFY ("ID_SERVICIO" NOT NULL ENABLE);
  ALTER TABLE "ISIS2304A741810"."SERVICIOESPACIO" ADD CONSTRAINT "SERVICIOESPACIO_PK" PRIMARY KEY ("ID_SERVICIO", "ID_ESPACIO")
  USING INDEX PCTFREE 10 INITRANS 2 MAXTRANS 255 NOLOGGING 
  STORAGE(INITIAL 65536 NEXT 1048576 MINEXTENTS 1 MAXEXTENTS 2147483645
  PCTINCREASE 0 FREELISTS 1 FREELIST GROUPS 1
  BUFFER_POOL DEFAULT FLASH_CACHE DEFAULT CELL_FLASH_CACHE DEFAULT)
  TABLESPACE "TBSPROD"  ENABLE;
--------------------------------------------------------
--  Constraints for Table TIPOHABITACION
--------------------------------------------------------

  ALTER TABLE "ISIS2304A741810"."TIPOHABITACION" ADD CONSTRAINT "TIPOHABITACION_PK" PRIMARY KEY ("TIPO")
  USING INDEX PCTFREE 10 INITRANS 2 MAXTRANS 255 COMPUTE STATISTICS NOLOGGING 
  STORAGE(INITIAL 65536 NEXT 1048576 MINEXTENTS 1 MAXEXTENTS 2147483645
  PCTINCREASE 0 FREELISTS 1 FREELIST GROUPS 1
  BUFFER_POOL DEFAULT FLASH_CACHE DEFAULT CELL_FLASH_CACHE DEFAULT)
  TABLESPACE "TBSPROD"  ENABLE;
  ALTER TABLE "ISIS2304A741810"."TIPOHABITACION" MODIFY ("TIPO" NOT NULL ENABLE);
--------------------------------------------------------
--  Constraints for Table TIPOOPERADOR
--------------------------------------------------------

  ALTER TABLE "ISIS2304A741810"."TIPOOPERADOR" ADD CONSTRAINT "TIPOOPERADOR_PK" PRIMARY KEY ("TIPO")
  USING INDEX PCTFREE 10 INITRANS 2 MAXTRANS 255 COMPUTE STATISTICS NOLOGGING 
  STORAGE(INITIAL 65536 NEXT 1048576 MINEXTENTS 1 MAXEXTENTS 2147483645
  PCTINCREASE 0 FREELISTS 1 FREELIST GROUPS 1
  BUFFER_POOL DEFAULT FLASH_CACHE DEFAULT CELL_FLASH_CACHE DEFAULT)
  TABLESPACE "TBSPROD"  ENABLE;
  ALTER TABLE "ISIS2304A741810"."TIPOOPERADOR" MODIFY ("TIPO" NOT NULL ENABLE);
--------------------------------------------------------
--  Constraints for Table TIPOSERVICIO
--------------------------------------------------------

  ALTER TABLE "ISIS2304A741810"."TIPOSERVICIO" ADD CONSTRAINT "TIPOSERVICIO_PK" PRIMARY KEY ("SERVICIO")
  USING INDEX PCTFREE 10 INITRANS 2 MAXTRANS 255 COMPUTE STATISTICS NOLOGGING 
  STORAGE(INITIAL 65536 NEXT 1048576 MINEXTENTS 1 MAXEXTENTS 2147483645
  PCTINCREASE 0 FREELISTS 1 FREELIST GROUPS 1
  BUFFER_POOL DEFAULT FLASH_CACHE DEFAULT CELL_FLASH_CACHE DEFAULT)
  TABLESPACE "TBSPROD"  ENABLE;
  ALTER TABLE "ISIS2304A741810"."TIPOSERVICIO" MODIFY ("SERVICIO" NOT NULL ENABLE);
--------------------------------------------------------
--  Constraints for Table VINCULOCLIENTE
--------------------------------------------------------

  ALTER TABLE "ISIS2304A741810"."VINCULOCLIENTE" ADD CONSTRAINT "VINCULOCLIENTE_PK" PRIMARY KEY ("VINCULO")
  USING INDEX PCTFREE 10 INITRANS 2 MAXTRANS 255 COMPUTE STATISTICS NOLOGGING 
  STORAGE(INITIAL 65536 NEXT 1048576 MINEXTENTS 1 MAXEXTENTS 2147483645
  PCTINCREASE 0 FREELISTS 1 FREELIST GROUPS 1
  BUFFER_POOL DEFAULT FLASH_CACHE DEFAULT CELL_FLASH_CACHE DEFAULT)
  TABLESPACE "TBSPROD"  ENABLE;
  ALTER TABLE "ISIS2304A741810"."VINCULOCLIENTE" MODIFY ("VINCULO" NOT NULL ENABLE);
